{"accuracy": [0.8432916402816772, 0.9716982841491699, 0.9809244275093079, 0.9837819933891296, 0.9857579469680786, 0.9873691201210022, 0.9881898760795593, 0.9888890385627747, 0.9895274639129639, 0.9902114272117615, 0.9906522035598755, 0.9910929799079895, 0.9917770028114319, 0.9918985962867737, 0.9926433563232422, 0.992430567741394, 0.9926129579544067, 0.9925673604011536, 0.9932665824890137, 0.9931449294090271, 0.9938137531280518, 0.9932057857513428, 0.9937681555747986, 0.9939049482345581, 0.993798553943634, 0.9942089319229126, 0.9939049482345581, 0.9939201474189758, 0.9943153262138367, 0.9942241311073303], "loss": [0.5488975048065186, 0.13775427639484406, 0.09027039259672165, 0.07215726375579834, 0.062255144119262695, 0.055517423897981644, 0.05052373558282852, 0.04685528948903084, 0.04379405826330185, 0.041094448417425156, 0.03924655541777611, 0.03728232905268669, 0.035406678915023804, 0.0343032144010067, 0.03273875266313553, 0.031789179891347885, 0.030745144933462143, 0.029800880700349808, 0.02889256551861763, 0.028196698054671288, 0.02743060700595379, 0.027049392461776733, 0.02615528181195259, 0.025554582476615906, 0.02493336610496044, 0.024401908740401268, 0.024160386994481087, 0.023803982883691788, 0.023055067285895348, 0.022766461595892906], "val_accuracy": [0.9621767997741699, 0.97994464635849, 0.9831897020339966, 0.9849984049797058, 0.9847856163978577, 0.9876582622528076, 0.9890413880348206, 0.9898925423622131, 0.9905840754508972, 0.9912224411964417, 0.9916480183601379, 0.9920735955238342, 0.9924460053443909, 0.9928183555603027, 0.9929779767990112, 0.9931907653808594, 0.9934035539627075, 0.9937227368354797, 0.9939355254173279, 0.9943611025810242, 0.9942547082901001, 0.9943611025810242, 0.9944142699241638, 0.9944674968719482, 0.9948930740356445, 0.9949462413787842, 0.9951590299606323, 0.9952122569084167, 0.9952122569084167, 0.9953186511993408], "val_loss": [0.1939825862646103, 0.10451880842447281, 0.07910031080245972, 0.06644938141107559, 0.05902765318751335, 0.052836522459983826, 0.048446252942085266, 0.04504838213324547, 0.04220473766326904, 0.03975129500031471, 0.037730343639850616, 0.03591588884592056, 0.03441645950078964, 0.03314647078514099, 0.03190229460597038, 0.030674796551465988, 0.0296949353069067, 0.028818245977163315, 0.027907969430088997, 0.02705337293446064, 0.0265024583786726, 0.025767920538783073, 0.02521701529622078, 0.024808011949062347, 0.02413315325975418, 0.02366008050739765, 0.023164227604866028, 0.022696712985634804, 0.022331709042191505, 0.02180170640349388]}