{"accuracy": [0.851590633392334, 0.938456654548645, 0.9591737389564514, 0.9649192094802856, 0.9707254767417908, 0.9729598164558411, 0.9758781790733337, 0.9773828983306885, 0.9793588519096375, 0.9815172553062439, 0.9830675721168518, 0.9837971925735474, 0.9849523305892944, 0.9856363534927368, 0.9869434833526611, 0.9876427054405212, 0.9879466891288757, 0.9890258312225342, 0.9900290369987488, 0.990181028842926, 0.9900594353675842, 0.9909713864326477, 0.9918529987335205, 0.9914730191230774, 0.9921113848686218, 0.9923697710037231], "loss": [0.37353724241256714, 0.1613449603319168, 0.11024787276983261, 0.09204785525798798, 0.07745286077260971, 0.0696479082107544, 0.06289935857057571, 0.05936478450894356, 0.053736817091703415, 0.04986265301704407, 0.04666841775178909, 0.04365378990769386, 0.04119015857577324, 0.03903600573539734, 0.036668092012405396, 0.03439522162079811, 0.033475298434495926, 0.0315994992852211, 0.02966681309044361, 0.028231410309672356, 0.02730329893529415, 0.02582775615155697, 0.024091698229312897, 0.02372509427368641, 0.022609062492847443, 0.021676640957593918], "val_accuracy": [0.9167464375495911, 0.9529204964637756, 0.9572826623916626, 0.9472815990447998, 0.9672305583953857, 0.9762740731239319, 0.9773911833763123, 0.9780295491218567, 0.9788807034492493, 0.9810085892677307, 0.9804766178131104, 0.9785083532333374, 0.9828172922134399, 0.9817533493041992, 0.9817001819610596, 0.9817001819610596, 0.9824981093406677, 0.9837748408317566, 0.9807426333427429, 0.9826577305793762, 0.9840940237045288, 0.9837216734886169, 0.9796786904335022, 0.9822321534156799, 0.9831364750862122, 0.9796786904335022], "val_loss": [0.21883255243301392, 0.12962819635868073, 0.10660324990749359, 0.12338834255933762, 0.08248166739940643, 0.06542734056711197, 0.06054399162530899, 0.06156734749674797, 0.0546705462038517, 0.05238267034292221, 0.05103672295808792, 0.053308770060539246, 0.04759833216667175, 0.04646838456392288, 0.04892037808895111, 0.04867550730705261, 0.04663122817873955, 0.044380269944667816, 0.04973490536212921, 0.04503851383924484, 0.042980797588825226, 0.044832825660705566, 0.051965244114398956, 0.046838488429784775, 0.04447818920016289, 0.05333511158823967]}