{"accuracy": [0.8534753918647766, 0.9388670325279236, 0.9570913910865784, 0.963961660861969, 0.9671839475631714, 0.9709382653236389, 0.9738262295722961, 0.9762429594993591, 0.9781885147094727, 0.9794957041740417, 0.9813956022262573, 0.9824748039245605, 0.9830219745635986, 0.9846939444541931, 0.9856971502304077, 0.986897885799408, 0.9874299168586731, 0.9883570671081543, 0.9884938597679138, 0.9893298745155334, 0.9897858500480652, 0.9901506304740906, 0.9906674027442932, 0.9909865856170654, 0.9919137954711914, 0.9921113848686218], "loss": [0.3631710410118103, 0.16209997236728668, 0.11382754892110825, 0.09423006325960159, 0.0840374305844307, 0.07517271488904953, 0.06728098541498184, 0.06172264367341995, 0.057274769991636276, 0.053060147911310196, 0.049724556505680084, 0.04697474092245102, 0.043521083891391754, 0.04105684533715248, 0.03855454549193382, 0.03632810711860657, 0.034239187836647034, 0.03262627124786377, 0.03116549365222454, 0.029195377603173256, 0.028278928250074387, 0.02733304165303707, 0.0259209256619215, 0.02472681738436222, 0.02337195910513401, 0.02247968316078186], "val_accuracy": [0.9240344762802124, 0.9443025588989258, 0.9519097805023193, 0.9680817127227783, 0.9711671471595764, 0.9637195467948914, 0.9768060445785522, 0.9777635931968689, 0.9716991186141968, 0.9758484959602356, 0.9811682105064392, 0.9791467189788818, 0.9798382520675659, 0.9811149835586548, 0.9807958006858826, 0.97994464635849, 0.9825513362884521, 0.9826577305793762, 0.9828705191612244, 0.9761676788330078, 0.983828067779541, 0.9812213778495789, 0.9784019589424133, 0.9791467189788818, 0.9782423377037048, 0.9835620522499084], "val_loss": [0.2003016173839569, 0.14290687441825867, 0.1154467985033989, 0.08635512739419937, 0.07628053426742554, 0.09247555583715439, 0.06506349891424179, 0.06027133762836456, 0.07256472855806351, 0.061773259192705154, 0.050392575562000275, 0.053621675819158554, 0.051846202462911606, 0.04985663294792175, 0.04839015379548073, 0.0487385056912899, 0.04601367935538292, 0.044377874583005905, 0.04447679966688156, 0.06026831641793251, 0.04127814993262291, 0.04909283667802811, 0.05231088399887085, 0.05182328447699547, 0.05384315922856331, 0.043054379522800446]}