{"accuracy": [0.8662127256393433, 0.9425909519195557, 0.9582161903381348, 0.9640984535217285, 0.9693118929862976, 0.9712574481964111, 0.9748141765594482, 0.9772309064865112, 0.9786292910575867, 0.9801036715507507, 0.9811220169067383, 0.9827939867973328, 0.9839643836021423, 0.9850131273269653, 0.9853627681732178, 0.9863203167915344, 0.9872018694877625, 0.9880074858665466, 0.9886154532432556, 0.9893146753311157, 0.9890562295913696, 0.9901506304740906, 0.9904242157936096, 0.9910321831703186, 0.9915186166763306, 0.9915794134140015, 0.9920049905776978, 0.9926433563232422, 0.9922481775283813], "loss": [0.3504207730293274, 0.152627095580101, 0.10993500053882599, 0.09365450590848923, 0.08078482002019882, 0.07350818067789078, 0.06626901775598526, 0.06037786975502968, 0.05669504031538963, 0.05310714617371559, 0.05016752704977989, 0.04599298909306526, 0.04371114447712898, 0.04070190340280533, 0.039148785173892975, 0.036870311945676804, 0.03556869924068451, 0.033325474709272385, 0.03196420520544052, 0.03051525354385376, 0.029358232393860817, 0.028143377974629402, 0.026778364554047585, 0.02506507933139801, 0.024219373241066933, 0.023437395691871643, 0.022664887830615044, 0.021317755803465843, 0.021252194419503212], "val_accuracy": [0.9255239963531494, 0.951377809047699, 0.9687200784683228, 0.9654750227928162, 0.966060221195221, 0.9687200784683228, 0.9757952690124512, 0.9703691601753235, 0.9811682105064392, 0.9794126749038696, 0.9810085892677307, 0.9814873933792114, 0.9818065762519836, 0.9803170561790466, 0.9826045036315918, 0.9758484959602356, 0.9799978733062744, 0.9830300807952881, 0.9835620522499084, 0.9825513362884521, 0.9832428693771362, 0.9845196008682251, 0.9797318577766418, 0.9849451780319214, 0.982338547706604, 0.9834024906158447, 0.9845728278160095, 0.9825513362884521, 0.9830300807952881], "val_loss": [0.19312196969985962, 0.12869848310947418, 0.0896981805562973, 0.08686324208974838, 0.08478599041700363, 0.08223413676023483, 0.06396643072366714, 0.07273080199956894, 0.05503828823566437, 0.05455971509218216, 0.04966958239674568, 0.049020033329725266, 0.04929690062999725, 0.04993706941604614, 0.046074531972408295, 0.061062611639499664, 0.04882296919822693, 0.04345836490392685, 0.041450418531894684, 0.043308284133672714, 0.04374585300683975, 0.03996231406927109, 0.04994896799325943, 0.03882274031639099, 0.04442312568426132, 0.041043128818273544, 0.04174863547086716, 0.04369695484638214, 0.04377058893442154]}