{"accuracy": [0.8427900671958923, 0.9722758531570435, 0.9819732308387756, 0.9850739240646362, 0.9875211119651794, 0.988372266292572, 0.9895426630973816, 0.9901050329208374, 0.9907281994819641, 0.9912450313568115, 0.9915794134140015, 0.9920353889465332, 0.9921113848686218, 0.9921873807907104, 0.9925673604011536, 0.9926129579544067, 0.9931145310401917, 0.9929625391960144, 0.9929929375648499, 0.9934945702552795, 0.9936617612838745, 0.9935705661773682, 0.9937073588371277, 0.9939505457878113, 0.9937073588371277, 0.9940113425254822, 0.9938289523124695, 0.9943457245826721, 0.9940721392631531, 0.9944977164268494], "loss": [0.536612331867218, 0.1358095407485962, 0.08765118569135666, 0.06975650787353516, 0.05987441912293434, 0.053373489528894424, 0.048566851764917374, 0.04496612772345543, 0.04188806563615799, 0.03973495215177536, 0.037635039538145065, 0.03572043031454086, 0.03451605141162872, 0.03321545943617821, 0.032107412815093994, 0.03086625225841999, 0.029763920232653618, 0.029125718399882317, 0.028452087193727493, 0.02745564468204975, 0.026799127459526062, 0.026324044913053513, 0.025596974417567253, 0.02507600747048855, 0.024518514052033424, 0.02423854172229767, 0.02372802421450615, 0.023172175511717796, 0.022922148928046227, 0.02248324453830719], "val_accuracy": [0.9594637751579285, 0.9783487319946289, 0.9827108979225159, 0.985317587852478, 0.9879774451255798, 0.9881370067596436, 0.9894669651985168, 0.990264892578125, 0.9909032583236694, 0.9912756681442261, 0.9918608069419861, 0.991754412651062, 0.9924991726875305, 0.9927119612693787, 0.9935631155967712, 0.994148313999176, 0.9934567213058472, 0.9936163425445557, 0.9940950870513916, 0.994148313999176, 0.9934035539627075, 0.9939886927604675, 0.994733452796936, 0.9945206642150879, 0.9949462413787842, 0.9948398470878601, 0.9951590299606323, 0.9948398470878601, 0.9952654242515564, 0.9954250454902649], "val_loss": [0.19284823536872864, 0.1026584729552269, 0.07736694067716599, 0.06448390334844589, 0.056280750781297684, 0.05115806683897972, 0.04666869342327118, 0.043559055775403976, 0.04070080816745758, 0.03848522901535034, 0.0366394966840744, 0.035013921558856964, 0.03349863365292549, 0.03233660012483597, 0.0307187270373106, 0.02971254289150238, 0.029076579958200455, 0.028199905529618263, 0.027254045009613037, 0.026589732617139816, 0.026467693969607353, 0.025477683171629906, 0.02463303692638874, 0.024287385866045952, 0.023371098563075066, 0.0231286883354187, 0.0227774977684021, 0.022495709359645844, 0.02188660390675068, 0.021365545690059662]}